id,checklist_template_main_id/id,csequence
ibas_bahia.hr_checklist_template_888,ibas_bahia.default_checklist_template,0
ibas_bahia.hr_checklist_template_889,ibas_bahia.default_checklist_template,0
ibas_bahia.hr_checklist_template_890,ibas_bahia.default_checklist_template,0
ibas_bahia.hr_checklist_template_891,ibas_bahia.default_checklist_template,0
ibas_bahia.hr_checklist_template_892,ibas_bahia.default_checklist_template,0
ibas_bahia.hr_checklist_template_893,ibas_bahia.default_checklist_template,0
ibas_bahia.hr_checklist_template_894,ibas_bahia.default_checklist_template,0
ibas_bahia.hr_checklist_template_895,ibas_bahia.default_checklist_template,0
ibas_bahia.hr_checklist_template_896,ibas_bahia.default_checklist_template,0
ibas_bahia.hr_checklist_template_897,ibas_bahia.default_checklist_template,0
ibas_bahia.hr_checklist_template_898,ibas_bahia.default_checklist_template,0
ibas_bahia.hr_checklist_template_899,ibas_bahia.default_checklist_template,0
ibas_bahia.hr_checklist_template_900,ibas_bahia.default_checklist_template,0
ibas_bahia.hr_checklist_template_901,ibas_bahia.default_checklist_template,0
ibas_bahia.hr_checklist_template_902,ibas_bahia.default_checklist_template,0
ibas_bahia.hr_checklist_template_903,ibas_bahia.default_checklist_template,0
ibas_bahia.hr_checklist_template_904,ibas_bahia.default_checklist_template,0
ibas_bahia.hr_checklist_template_905,ibas_bahia.default_checklist_template,0
ibas_bahia.hr_checklist_template_906,ibas_bahia.default_checklist_template,0
ibas_bahia.hr_checklist_template_907,ibas_bahia.default_checklist_template,0
ibas_bahia.hr_checklist_template_908,ibas_bahia.default_checklist_template,0
ibas_bahia.hr_checklist_template_909,ibas_bahia.default_checklist_template,0
ibas_bahia.hr_checklist_template_910,ibas_bahia.default_checklist_template,0
ibas_bahia.hr_checklist_template_911,ibas_bahia.default_checklist_template,0
ibas_bahia.hr_checklist_template_912,ibas_bahia.default_checklist_template,0
ibas_bahia.hr_checklist_template_913,ibas_bahia.default_checklist_template,0
ibas_bahia.hr_checklist_template_914,ibas_bahia.default_checklist_template,0
ibas_bahia.hr_checklist_template_915,ibas_bahia.default_checklist_template,0
ibas_bahia.hr_checklist_template_916,ibas_bahia.default_checklist_template,0
ibas_bahia.hr_checklist_template_917,ibas_bahia.default_checklist_template,0
ibas_bahia.hr_checklist_template_918,ibas_bahia.default_checklist_template,0
ibas_bahia.hr_checklist_template_919,ibas_bahia.default_checklist_template,0
ibas_bahia.hr_checklist_template_920,ibas_bahia.default_checklist_template,0
ibas_bahia.hr_checklist_template_921,ibas_bahia.default_checklist_template,0
ibas_bahia.hr_checklist_template_922,ibas_bahia.default_checklist_template,0
ibas_bahia.hr_checklist_template_923,ibas_bahia.default_checklist_template,0
ibas_bahia.hr_checklist_template_924,ibas_bahia.default_checklist_template,0
ibas_bahia.hr_checklist_template_925,ibas_bahia.default_checklist_template,0
ibas_bahia.hr_checklist_template_926,ibas_bahia.default_checklist_template,0
ibas_bahia.hr_checklist_template_927,ibas_bahia.default_checklist_template,0
ibas_bahia.hr_checklist_template_928,ibas_bahia.default_checklist_template,0
ibas_bahia.hr_checklist_template_929,ibas_bahia.default_checklist_template,0
ibas_bahia.hr_checklist_template_930,ibas_bahia.default_checklist_template,0
ibas_bahia.hr_checklist_template_931,ibas_bahia.default_checklist_template,0
ibas_bahia.hr_checklist_template_932,ibas_bahia.default_checklist_template,0
ibas_bahia.hr_checklist_template_933,ibas_bahia.default_checklist_template,0
ibas_bahia.hr_checklist_template_934,ibas_bahia.default_checklist_template,0
ibas_bahia.hr_checklist_template_935,ibas_bahia.default_checklist_template,0
ibas_bahia.hr_checklist_template_936,ibas_bahia.default_checklist_template,0
ibas_bahia.hr_checklist_template_937,ibas_bahia.default_checklist_template,0
ibas_bahia.hr_checklist_template_938,ibas_bahia.default_checklist_template,0
ibas_bahia.hr_checklist_template_939,ibas_bahia.default_checklist_template,0
ibas_bahia.hr_checklist_template_940,ibas_bahia.default_checklist_template,0
ibas_bahia.hr_checklist_template_941,ibas_bahia.default_checklist_template,0
ibas_bahia.hr_checklist_template_942,ibas_bahia.default_checklist_template,0
ibas_bahia.hr_checklist_template_943,ibas_bahia.default_checklist_template,0
ibas_bahia.hr_checklist_template_944,ibas_bahia.default_checklist_template,0
ibas_bahia.hr_checklist_template_945,ibas_bahia.default_checklist_template,0
ibas_bahia.hr_checklist_template_946,ibas_bahia.default_checklist_template,0
ibas_bahia.hr_checklist_template_947,ibas_bahia.default_checklist_template,0
ibas_bahia.hr_checklist_template_948,ibas_bahia.default_checklist_template,0
ibas_bahia.hr_checklist_template_949,ibas_bahia.default_checklist_template,0
ibas_bahia.hr_checklist_template_950,ibas_bahia.default_checklist_template,0
ibas_bahia.hr_checklist_template_951,ibas_bahia.default_checklist_template,0
ibas_bahia.hr_checklist_template_952,ibas_bahia.default_checklist_template,0
ibas_bahia.hr_checklist_template_953,ibas_bahia.default_checklist_template,0
ibas_bahia.hr_checklist_template_954,ibas_bahia.default_checklist_template,0
ibas_bahia.hr_checklist_template_955,ibas_bahia.default_checklist_template,0
ibas_bahia.hr_checklist_template_956,ibas_bahia.default_checklist_template,0
ibas_bahia.hr_checklist_template_957,ibas_bahia.default_checklist_template,0
ibas_bahia.hr_checklist_template_958,ibas_bahia.default_checklist_template,0
ibas_bahia.hr_checklist_template_959,ibas_bahia.default_checklist_template,0
ibas_bahia.hr_checklist_template_960,ibas_bahia.default_checklist_template,0
ibas_bahia.hr_checklist_template_961,ibas_bahia.default_checklist_template,0
ibas_bahia.hr_checklist_template_962,ibas_bahia.default_checklist_template,0
ibas_bahia.hr_checklist_template_963,ibas_bahia.default_checklist_template,0
ibas_bahia.hr_checklist_template_964,ibas_bahia.default_checklist_template,0
ibas_bahia.hr_checklist_template_965,ibas_bahia.default_checklist_template,0
ibas_bahia.hr_checklist_template_966,ibas_bahia.default_checklist_template,0
ibas_bahia.hr_checklist_template_967,ibas_bahia.default_checklist_template,0
ibas_bahia.hr_checklist_template_968,ibas_bahia.default_checklist_template,0
ibas_bahia.hr_checklist_template_969,ibas_bahia.default_checklist_template,0
ibas_bahia.hr_checklist_template_970,ibas_bahia.default_checklist_template,0
ibas_bahia.hr_checklist_template_971,ibas_bahia.default_checklist_template,0
ibas_bahia.hr_checklist_template_972,ibas_bahia.default_checklist_template,0
ibas_bahia.hr_checklist_template_973,ibas_bahia.default_checklist_template,0
ibas_bahia.hr_checklist_template_974,ibas_bahia.default_checklist_template,0
ibas_bahia.hr_checklist_template_975,ibas_bahia.default_checklist_template,0
ibas_bahia.hr_checklist_template_976,ibas_bahia.default_checklist_template,0
ibas_bahia.hr_checklist_template_977,ibas_bahia.default_checklist_template,0
ibas_bahia.hr_checklist_template_978,ibas_bahia.default_checklist_template,0
ibas_bahia.hr_checklist_template_979,ibas_bahia.default_checklist_template,0
ibas_bahia.hr_checklist_template_980,ibas_bahia.default_checklist_template,0
ibas_bahia.hr_checklist_template_981,ibas_bahia.default_checklist_template,0
ibas_bahia.hr_checklist_template_982,ibas_bahia.default_checklist_template,0
ibas_bahia.hr_checklist_template_983,ibas_bahia.default_checklist_template,0
ibas_bahia.hr_checklist_template_984,ibas_bahia.default_checklist_template,0
ibas_bahia.hr_checklist_template_985,ibas_bahia.default_checklist_template,0
ibas_bahia.hr_checklist_template_986,ibas_bahia.default_checklist_template,0
ibas_bahia.hr_checklist_template_987,ibas_bahia.default_checklist_template,0
ibas_bahia.hr_checklist_template_988,ibas_bahia.default_checklist_template,0
ibas_bahia.hr_checklist_template_989,ibas_bahia.default_checklist_template,0
ibas_bahia.hr_checklist_template_990,ibas_bahia.default_checklist_template,0
ibas_bahia.hr_checklist_template_991,ibas_bahia.default_checklist_template,0
ibas_bahia.hr_checklist_template_992,ibas_bahia.default_checklist_template,0
ibas_bahia.hr_checklist_template_993,ibas_bahia.default_checklist_template,0
ibas_bahia.hr_checklist_template_994,ibas_bahia.default_checklist_template,0
ibas_bahia.hr_checklist_template_995,ibas_bahia.default_checklist_template,0
ibas_bahia.hr_checklist_template_996,ibas_bahia.default_checklist_template,0
ibas_bahia.hr_checklist_template_997,ibas_bahia.default_checklist_template,0