id,checklist_template_main_id/id
__export__.hr_checklist_template_888,hr_employee_checklist_extend.default_checklist_template
__export__.hr_checklist_template_889,hr_employee_checklist_extend.default_checklist_template
__export__.hr_checklist_template_890,hr_employee_checklist_extend.default_checklist_template
__export__.hr_checklist_template_891,hr_employee_checklist_extend.default_checklist_template
__export__.hr_checklist_template_892,hr_employee_checklist_extend.default_checklist_template
__export__.hr_checklist_template_893,hr_employee_checklist_extend.default_checklist_template
__export__.hr_checklist_template_894,hr_employee_checklist_extend.default_checklist_template
__export__.hr_checklist_template_895,hr_employee_checklist_extend.default_checklist_template
__export__.hr_checklist_template_896,hr_employee_checklist_extend.default_checklist_template
__export__.hr_checklist_template_897,hr_employee_checklist_extend.default_checklist_template
__export__.hr_checklist_template_898,hr_employee_checklist_extend.default_checklist_template
__export__.hr_checklist_template_899,hr_employee_checklist_extend.default_checklist_template
__export__.hr_checklist_template_900,hr_employee_checklist_extend.default_checklist_template
__export__.hr_checklist_template_901,hr_employee_checklist_extend.default_checklist_template
__export__.hr_checklist_template_902,hr_employee_checklist_extend.default_checklist_template
__export__.hr_checklist_template_903,hr_employee_checklist_extend.default_checklist_template
__export__.hr_checklist_template_904,hr_employee_checklist_extend.default_checklist_template
__export__.hr_checklist_template_905,hr_employee_checklist_extend.default_checklist_template
__export__.hr_checklist_template_906,hr_employee_checklist_extend.default_checklist_template
__export__.hr_checklist_template_907,hr_employee_checklist_extend.default_checklist_template
__export__.hr_checklist_template_908,hr_employee_checklist_extend.default_checklist_template
__export__.hr_checklist_template_909,hr_employee_checklist_extend.default_checklist_template
__export__.hr_checklist_template_910,hr_employee_checklist_extend.default_checklist_template
__export__.hr_checklist_template_911,hr_employee_checklist_extend.default_checklist_template
__export__.hr_checklist_template_912,hr_employee_checklist_extend.default_checklist_template
__export__.hr_checklist_template_913,hr_employee_checklist_extend.default_checklist_template
__export__.hr_checklist_template_914,hr_employee_checklist_extend.default_checklist_template
__export__.hr_checklist_template_915,hr_employee_checklist_extend.default_checklist_template
__export__.hr_checklist_template_916,hr_employee_checklist_extend.default_checklist_template
__export__.hr_checklist_template_917,hr_employee_checklist_extend.default_checklist_template
__export__.hr_checklist_template_918,hr_employee_checklist_extend.default_checklist_template
__export__.hr_checklist_template_919,hr_employee_checklist_extend.default_checklist_template
__export__.hr_checklist_template_920,hr_employee_checklist_extend.default_checklist_template
__export__.hr_checklist_template_921,hr_employee_checklist_extend.default_checklist_template
__export__.hr_checklist_template_922,hr_employee_checklist_extend.default_checklist_template
__export__.hr_checklist_template_923,hr_employee_checklist_extend.default_checklist_template
__export__.hr_checklist_template_924,hr_employee_checklist_extend.default_checklist_template
__export__.hr_checklist_template_925,hr_employee_checklist_extend.default_checklist_template
__export__.hr_checklist_template_926,hr_employee_checklist_extend.default_checklist_template
__export__.hr_checklist_template_927,hr_employee_checklist_extend.default_checklist_template
__export__.hr_checklist_template_928,hr_employee_checklist_extend.default_checklist_template
__export__.hr_checklist_template_929,hr_employee_checklist_extend.default_checklist_template
__export__.hr_checklist_template_930,hr_employee_checklist_extend.default_checklist_template
__export__.hr_checklist_template_931,hr_employee_checklist_extend.default_checklist_template
__export__.hr_checklist_template_932,hr_employee_checklist_extend.default_checklist_template
__export__.hr_checklist_template_933,hr_employee_checklist_extend.default_checklist_template
__export__.hr_checklist_template_934,hr_employee_checklist_extend.default_checklist_template
__export__.hr_checklist_template_935,hr_employee_checklist_extend.default_checklist_template
__export__.hr_checklist_template_936,hr_employee_checklist_extend.default_checklist_template
__export__.hr_checklist_template_937,hr_employee_checklist_extend.default_checklist_template
__export__.hr_checklist_template_938,hr_employee_checklist_extend.default_checklist_template
__export__.hr_checklist_template_939,hr_employee_checklist_extend.default_checklist_template
__export__.hr_checklist_template_940,hr_employee_checklist_extend.default_checklist_template
__export__.hr_checklist_template_941,hr_employee_checklist_extend.default_checklist_template
__export__.hr_checklist_template_942,hr_employee_checklist_extend.default_checklist_template
__export__.hr_checklist_template_943,hr_employee_checklist_extend.default_checklist_template
__export__.hr_checklist_template_944,hr_employee_checklist_extend.default_checklist_template
__export__.hr_checklist_template_945,hr_employee_checklist_extend.default_checklist_template
__export__.hr_checklist_template_946,hr_employee_checklist_extend.default_checklist_template
__export__.hr_checklist_template_947,hr_employee_checklist_extend.default_checklist_template
__export__.hr_checklist_template_948,hr_employee_checklist_extend.default_checklist_template
__export__.hr_checklist_template_949,hr_employee_checklist_extend.default_checklist_template
__export__.hr_checklist_template_950,hr_employee_checklist_extend.default_checklist_template
__export__.hr_checklist_template_951,hr_employee_checklist_extend.default_checklist_template
__export__.hr_checklist_template_952,hr_employee_checklist_extend.default_checklist_template
__export__.hr_checklist_template_953,hr_employee_checklist_extend.default_checklist_template
__export__.hr_checklist_template_954,hr_employee_checklist_extend.default_checklist_template
__export__.hr_checklist_template_955,hr_employee_checklist_extend.default_checklist_template
__export__.hr_checklist_template_956,hr_employee_checklist_extend.default_checklist_template
__export__.hr_checklist_template_957,hr_employee_checklist_extend.default_checklist_template
__export__.hr_checklist_template_958,hr_employee_checklist_extend.default_checklist_template
__export__.hr_checklist_template_959,hr_employee_checklist_extend.default_checklist_template
__export__.hr_checklist_template_960,hr_employee_checklist_extend.default_checklist_template
__export__.hr_checklist_template_961,hr_employee_checklist_extend.default_checklist_template
__export__.hr_checklist_template_962,hr_employee_checklist_extend.default_checklist_template
__export__.hr_checklist_template_963,hr_employee_checklist_extend.default_checklist_template
__export__.hr_checklist_template_964,hr_employee_checklist_extend.default_checklist_template
__export__.hr_checklist_template_965,hr_employee_checklist_extend.default_checklist_template
__export__.hr_checklist_template_966,hr_employee_checklist_extend.default_checklist_template
__export__.hr_checklist_template_967,hr_employee_checklist_extend.default_checklist_template
__export__.hr_checklist_template_968,hr_employee_checklist_extend.default_checklist_template
__export__.hr_checklist_template_969,hr_employee_checklist_extend.default_checklist_template
__export__.hr_checklist_template_970,hr_employee_checklist_extend.default_checklist_template
__export__.hr_checklist_template_971,hr_employee_checklist_extend.default_checklist_template
__export__.hr_checklist_template_972,hr_employee_checklist_extend.default_checklist_template
__export__.hr_checklist_template_973,hr_employee_checklist_extend.default_checklist_template
__export__.hr_checklist_template_974,hr_employee_checklist_extend.default_checklist_template
__export__.hr_checklist_template_975,hr_employee_checklist_extend.default_checklist_template
__export__.hr_checklist_template_976,hr_employee_checklist_extend.default_checklist_template
__export__.hr_checklist_template_977,hr_employee_checklist_extend.default_checklist_template
__export__.hr_checklist_template_978,hr_employee_checklist_extend.default_checklist_template
__export__.hr_checklist_template_979,hr_employee_checklist_extend.default_checklist_template
__export__.hr_checklist_template_980,hr_employee_checklist_extend.default_checklist_template
__export__.hr_checklist_template_981,hr_employee_checklist_extend.default_checklist_template
__export__.hr_checklist_template_982,hr_employee_checklist_extend.default_checklist_template
__export__.hr_checklist_template_983,hr_employee_checklist_extend.default_checklist_template
__export__.hr_checklist_template_984,hr_employee_checklist_extend.default_checklist_template
__export__.hr_checklist_template_985,hr_employee_checklist_extend.default_checklist_template
__export__.hr_checklist_template_986,hr_employee_checklist_extend.default_checklist_template
__export__.hr_checklist_template_987,hr_employee_checklist_extend.default_checklist_template
__export__.hr_checklist_template_988,hr_employee_checklist_extend.default_checklist_template
__export__.hr_checklist_template_989,hr_employee_checklist_extend.default_checklist_template
__export__.hr_checklist_template_990,hr_employee_checklist_extend.default_checklist_template
__export__.hr_checklist_template_991,hr_employee_checklist_extend.default_checklist_template
__export__.hr_checklist_template_992,hr_employee_checklist_extend.default_checklist_template
__export__.hr_checklist_template_993,hr_employee_checklist_extend.default_checklist_template
__export__.hr_checklist_template_994,hr_employee_checklist_extend.default_checklist_template
__export__.hr_checklist_template_995,hr_employee_checklist_extend.default_checklist_template
__export__.hr_checklist_template_996,hr_employee_checklist_extend.default_checklist_template
__export__.hr_checklist_template_997,hr_employee_checklist_extend.default_checklist_template